{"center": [0.0, 0.23078949749469757, 0.0], "rotation_wxyz": [1.0, -0.0, -0.0, -0.0], "size": [2.518994092941284, 0.46157899498939514, 0.4704059958457947]}