{"center": [4.9501657485961914e-05, 0.2762427031993866, -0.00025600194931030273], "rotation_wxyz": [1.0, -0.0, -0.0, -0.0], "size": [0.5043150186538696, 0.553346574306488, 0.46357598900794983]}