{"center": [6.496906280517578e-06, 0.42489856481552124, -0.00011749565601348877], "rotation_wxyz": [1.0, -0.0, -0.0, -0.0], "size": [0.9215850234031677, 0.8497968912124634, 0.921815037727356]}