{"center": [0.0, 0.48726001381874084, 0.0], "rotation_wxyz": [1.0, -0.0, -0.0, -0.0], "size": [0.6753600239753723, 0.9745200276374817, 0.7260599732398987]}