{"center": [0.0, 0.3002530336380005, -7.0035457611083984e-06], "rotation_wxyz": [1.0, -0.0, -0.0, -0.0], "size": [0.5463979840278625, 0.6005059480667114, 0.30832600593566895]}