{"center": [0.0, 0.21096999943256378, 0.0001100003719329834], "rotation_wxyz": [1.0, -0.0, -0.0, -0.0], "size": [2.0211799144744873, 0.42193999886512756, 1.3437600135803223]}