{"center": [0.0, 0.5757150053977966, 0.0], "rotation_wxyz": [1.0, -0.0, -0.0, -0.0], "size": [0.8527600169181824, 1.1514300107955933, 0.8646199703216553]}