{"center": [0.0, 0.3420475125312805, 0.0], "rotation_wxyz": [1.0, -0.0, -0.0, -0.0], "size": [0.7375580072402954, 0.684095025062561, 0.7153220176696777]}