{"center": [0.0, 1.1875001192092896, 0.0], "rotation_wxyz": [1.0, -0.0, -0.0, -0.0], "size": [2.174999952316284, 2.374999761581421, 0.40006598830223083]}