{"center": [0.0001095011830329895, 0.46354401111602783, -5.990266799926758e-06], "rotation_wxyz": [1.0, -0.0, -0.0, -0.0], "size": [0.4895709753036499, 0.9270880222320557, 0.6188240051269531]}