{"center": [0.0, 0.4385719895362854, 0.0], "rotation_wxyz": [1.0, -0.0, -0.0, -0.0], "size": [2.5581860542297363, 0.8771439790725708, 1.04966402053833]}