{"center": [0.00012451410293579102, 0.5268399715423584, 0.0], "rotation_wxyz": [1.0, -0.0, -0.0, -0.0], "size": [1.3296149969100952, 1.0536799430847168, 2.0999999046325684]}