{"center": [0.0, 0.1245025023818016, 0.0], "rotation_wxyz": [1.0, -0.0, -0.0, -0.0], "size": [0.8134639859199524, 0.2490050047636032, 0.5340819954872131]}