{"center": [0.0, 1.09573495388031, 0.0], "rotation_wxyz": [1.0, -0.0, -0.0, -0.0], "size": [1.6637200117111206, 2.19146990776062, 0.31696000695228577]}