{"center": [0.00034350156784057617, 0.6725940108299255, -0.00012451410293579102], "rotation_wxyz": [1.0, -0.0, -0.0, -0.0], "size": [2.379887104034424, 1.3451799154281616, 2.2853431701660156]}