{"center": [0.0, 0.3502750098705292, 0.0], "rotation_wxyz": [1.0, -0.0, -0.0, -0.0], "size": [1.1937600374221802, 0.7005500197410583, 0.6432399749755859]}