{"center": [3.0100345611572266e-06, 0.5159140229225159, 1.5497207641601562e-05], "rotation_wxyz": [1.0, -0.0, -0.0, -0.0], "size": [1.5756580829620361, 1.0318280458450317, 1.0287070274353027]}