{"center": [0.0, 0.02500000037252903, 0.0], "rotation_wxyz": [1.0, -0.0, -0.0, -0.0], "size": [0.5095400214195251, 0.05000000074505806, 0.5095000267028809]}